{
    "count": 4,
    "0": {
        "test_acc": 0.08451137062077443,
        "top5_test_acc": 0.24615857406269206,
        "lf_test_coverage": 0.18699000114929318,
        "val_label_count": "[10  7  7  8 11 14  8 11 10  8  8 12  8 15  8  9 10 14 12 11  6 11  9 12\n  7  9 12 12 13  7 11]",
        "embedding": "raw",
        "extract_fn": "bert",
        "#lp": 310,
        "snuba_cardinality": 1,
        "snuba_iterations": 46,
        "snuba_combo_samples": -1
    },
    "1": {
        "test_acc": 0.09232196706100673,
        "top5_test_acc": 0.20505683136163302,
        "lf_test_coverage": 0.24773014596023446,
        "val_label_count": "[ 8  8  3  6 10 13 12  8 11 14  8  6 10 15  7  7 14  8 10  7  8 14 11 13\n  9  8 10 13 12 13 14]",
        "embedding": "raw",
        "extract_fn": "bert",
        "#lp": 310,
        "snuba_cardinality": 1,
        "snuba_iterations": 23,
        "snuba_combo_samples": -1
    },
    "2": {
        "test_acc": 0.018570102135561744,
        "top5_test_acc": 0.12418755803156917,
        "lf_test_coverage": 0.24755775198253074,
        "val_label_count": "[5 0 1 2 3 4 2 4 3 2 6 9 2 5 4 4 1 3 5 8 2 3 2 4 2 2 1 2 2 3 4]",
        "embedding": "raw",
        "extract_fn": "bert",
        "#lp": 100,
        "snuba_cardinality": 10,
        "snuba_iterations": 23,
        "snuba_combo_samples": 1000
    },
    "3": {
        "test_acc": 0.018570102135561744,
        "top5_test_acc": 0.1244196843082637,
        "lf_test_coverage": 0.24755775198253074,
        "val_label_count": "[5 0 1 2 3 4 2 4 3 2 6 9 2 5 4 4 1 3 5 8 2 3 2 4 2 2 1 2 2 3 4]",
        "embedding": "raw",
        "extract_fn": "bert",
        "#lp": 100,
        "snuba_cardinality": 10,
        "snuba_iterations": 23,
        "snuba_combo_samples": 1000
    }
}