{
    "count": 1,
    "0": {
        "test_acc": 0.12177121771217712,
        "top5_test_acc": 0.15498154981549817,
        "lf_test_coverage": 0.08798701298701299,
        "val_label_count": "[12  6 11  7 12  9 15 11 16 10  5  5  6  8 10  9 11 11  4 21 18  6  5  5\n 10 12 12 13 17  9  7  5  6  6 10  6 12 10  9  6  7  7  6 11  9 22 12  9\n 10  4  8 18 16 12 10 13 10  9  8  9  7  9 10 12 14  7 18 12  9  6 14 12\n  4 13  7 10 13]",
        "embedding": "raw",
        "extract_fn": "bert",
        "#lp": 770,
        "snuba_cardinality": 1,
        "snuba_iterations": 46,
        "snuba_combo_samples": -1
    }
}