{
    "count": 1,
    "0": {
        "test_acc": 0.17552334943639292,
        "top5_test_acc": 0.202361782071927,
        "lf_test_coverage": 0.038103614014276074,
        "val_label_count": "[13 14 14 11  8  9 11  7 14  8  1  8 11 15 14 13  8 12 11  9  6 15  7  9\n 13 10 17 14  9  7  6 11 11  9  9  7 14 12 12 10 14  9 18 15  8 10 15 11\n 11 16  8 10  7 10 10 16 12 11 11 14  4 10 10 12 11 12  9 15 13  7  8 13\n  6  7 12 15 19 10 10 11 14 12  8  6 11  8  6 10 10  5 12 11  6  6  9 16\n  6 10  7  8  5  2  5  6  2  6  6 10  5  7  6]",
        "embedding": "raw",
        "extract_fn": "bert",
        "#lp": 1110,
        "snuba_cardinality": 1,
        "snuba_iterations": 46,
        "snuba_combo_samples": -1
    }
}