{
    "count": 1,
    "0": {
        "test_acc": 0.15217391304347827,
        "top5_test_acc": 0.17391304347826086,
        "lf_test_coverage": 0.006809882554199427,
        "val_label_count": "[17 12 10 15 20 20 16 12 16 14 12 24 14 19 19 16  8 24 20  6 18 14 20 21\n 19 18 14 18 20 22 29 23 18 13 11 17 22 23 17 16 18 14 14 20 18 25 18 15\n 14 16 16 22 21 18 14 15 18 14 16 15 21 12 21 23 21 25 21 17 21 15 12 15\n 16 13 17 15 15 11 23 16  9 21 16 13 20 11 19 11 16  9 10 21 13 12 13 16\n  9 12  6 10 15  9 13  7 13 19 14 15  5  7 11  8 11  7  9 11  9  5  6  7\n  6 11 11 10 10  8  5 13  6 14  3  6  6  4  6  4  9  0  4  4  8  7  5  1\n  2  3  9  6  6  8  4  4  3  5  6  4  1  5  2  1  4  5  2  4  6  2  0  1\n  1  1  3  1  4  2  4  4  3  2  3  1  0  5  1  3  4  1  2  1  0  1  0  2\n  3  3  2  1  3  4  3  2  1  2  2  1  2  1  0  2  0  1  1  1  1  2  0  1\n  0  1  1]",
        "embedding": "raw",
        "extract_fn": "bert",
        "#lp": 2190,
        "snuba_cardinality": 1,
        "snuba_iterations": 23,
        "snuba_combo_samples": -1
    }
}